v2ProductName,count
Google Men's 100% Cotton Short Sleeve Hero Tee White,307256
22 oz YouTube Bottle Infuser,213966
YouTube Men's Short Sleeve Hero Tee Black,205474
YouTube Custom Decals,200585
Google Men's 100% Cotton Short Sleeve Hero Tee Black,192086
YouTube Twill Cap,189580
Google Men's 100% Cotton Short Sleeve Hero Tee Navy,187697
YouTube Men's Short Sleeve Hero Tee Charcoal,185981
Electronics Accessory Pouch,168511
YouTube Wool Heather Cap Heather/Black,161834
YouTube Men's Short Sleeve Hero Tee White,161758
YouTube Leatherette Notebook Combo,158035
Google Men's  Zip Hoodie,151607
Google Men's Watershed Full Zip Hoodie Grey,150069
Google Laptop and Cell Phone Stickers,149562
YouTube Trucker Hat,145838
Suitcase Organizer Cubes,138589
Google Men's 100% Cotton Short Sleeve Hero Tee Red,137111
Google Men's Vintage Badge Tee Black,135277
Google Alpine Style Backpack,128731
Galaxy Screen Cleaning Cloth,126567
24 oz YouTube Sergeant Stripe Bottle,126000
Waterproof Backpack,125604
YouTube Hard Cover Journal,124359
Android Men's  Zip Hoodie,118821
Keyboard DOT Sticker,118544
Google Lunch Bag,118036
YouTube RFID Journal,117131
YouTube Men's Vintage Tank,115034
Recycled Mouse Pad,114277
Windup Android,113162
Google Women's Short Sleeve Hero Tee White,112519
Google Women's Short Sleeve Hero Tee Black,111600
YouTube Luggage Tag,110202
Google Snapback Hat Black,104698
Android Sticker Sheet Ultra Removable,104499
Google Rucksack,102669
Google 17oz Stainless Steel Sport Bottle,102611
Google Twill Cap,102109
Sport Bag,98812
Google Car Clip Phone Holder,97076
Google Stylus Pen w/ LED Light,96776
26 oz Double Wall Insulated Bottle,96431
Android 17oz Stainless Steel Sport Bottle,95789
YouTube Men's 3/4 Sleeve Henley,95412
Google Trucker Hat,95180
1 oz Hand Sanitizer,94826
Bottle Opener Clip,94492
Google G Noise-reducing Bluetooth Headphones,93006
Google Men's Short Sleeve Hero Tee Light Blue,92898
Google Men's Long Sleeve Raglan Ocean Blue,91808
Seat Pack Organizer,91111
YouTube Men's Vintage Henley,91083
Google Men's Pullover Hoodie Grey,90142
Google Laptop Backpack,89674
Android Rise 14 oz Mug,89649
YouTube Men's Long Sleeve Pullover Badge Tee Heather,88664
20 oz Stainless Steel Insulated Tumbler,87614
Compact Selfie Stick,87167
8 pc Android Sticker Sheet,86905
Google Bluetooth Speaker-Power Bank,84847
Google Men's Vintage Badge Tee White,84238
Google Women's Fleece Hoodie,83426
Android Wool Heather Cap Heather/Black,83405
Google Men's Short Sleeve Hero Tee Heather,82812
Google Sunglasses,82342
Google Water Resistant Bluetooth Speaker,82251
YouTube Men's Vintage Tee,80635
Google Men's Performance Full Zip Jacket Black,77059
Rubber Grip Ballpoint Pen 4 Pack,76140
Google Infuser-Top Water Bottle,74562
Google Accent Insulated Stainless Steel Bottle,74473
Google Tri-blend Hoodie Grey,73783
Google Men's Convertible Vest-Jacket Pewter,73257
Basecamp Explorer Powerbank Flashlight,72778
22 oz Android Bottle,72631
Google Men's Performance Polo Grey/Black,71433
Google Flashlight,70427
Softsided Travel Pouch Set,70417
Google Women's Convertible Vest-Jacket Sea Foam Green,69619
Google Canvas Tote Natural/Navy,69418
Foam Can and Bottle Cooler,69274
Red Spiral Google Notebook,69147
Collapsible Shopping Bag,68648
Metal Earbuds with Small Zipper Case,68625
Google Insulated Stainless Steel Bottle,68556
Google Women's Short Sleeve Hero Tee Sky Blue,68297
Red Shine 15 oz Mug,67959
Switch Tone Color Crayon Pen,67926
Android Men's Long Sleeve Badge Crew Tee Heather,67870
Rocket Flashlight,67705
Android 24 oz Contigo Bottle,67648
Google Slim Utility Travel Bag,67380
Android Men's Vintage Tank,67028
Pen Pencil & Highlighter Set,66694
Maze Pen,66678
YouTube Notebook and Pen Set,65654
Google Kick Ball,65059
YouTube Spiral Journal with Pen,64255
"Google High Capacity 10,400mAh Charger",64149
Google Heavyweight Long Sleeve Hero Tee Burgundy,63725
Google Tote Bag,63613
Compact Bluetooth Speaker,63365
Google Men's Microfiber 1/4 Zip Pullover Blue/Indigo,63292
Ballpoint LED Light Pen,62314
Google Men's Quilted Insulated Vest Black,61608
Google Heavyweight Long Sleeve Hero Tee Navy,61392
Colored Pencil Set,61197
Android Glass Water Bottle with Black Sleeve,61007
Google Men's Vintage Tank,60684
YouTube Onesie Heather,59856
Google Women's Lightweight Microfleece Jacket,59734
You Tube Toddler Short Sleeve Tee Red,59480
Google Men's Lightweight Microfleece Jacket Black,59410
Google Device Stand,58712
Google Women's Short Sleeve Hero Tee Red Heather,58635
SPF-15 Slim & Slender Lip Balm,58238
Android Twill Cap,58128
Google Device Holder Sticky Pad,57532
Leather and Metal Ballpoint Pen,57157
Ballpoint Stylus Pen,57082
Google Wool Heather Cap Heather/Navy,56835
Google 22 oz Water Bottle,56216
Engraved Ceramic Google Mug,55920
Android Lunch Kit,54753
Four Color Retractable Pen,54594
Spiral Notebook and Pen Set,54537
Google Tube Power Bank,54512
Women's YouTube Short Sleeve Hero Tee Black,54453
23 oz Wide Mouth Sport Bottle,53927
Leatherette Journal,53722
Google Ballpoint Pen Black,53684
Retractable Ballpoint Pen Red,53018
Android Men's Vintage Henley,52734
Google Power Bank,51478
Google Men's Weatherblock Shell Jacket Black,51253
Google Bongo Cupholder Bluetooth Speaker,51058
YouTube Youth Short Sleeve Tee Red,50963
Metal Texture Roller Pen,50795
Android Men's Short Sleeve Hero Tee White,50249
Google Pocket Bluetooth Speaker,50170
Google Vintage Henley Grey/Black,49836
Android Journal Book Set,49390
Google Men's Vintage Badge Tee Green,49080
Plastic Sliding Flashlight,48672
Micro Wireless Earbud,48644
Insulated Bottle,48371
Google Women's Short Sleeve Hero Tee Grey,48091
Android Men's Vintage Tee,47843
Aluminum Handy Emergency Flashlight,47543
Android Men's Short Sleeve Hero Tee Heather,47509
Android Men's Short Sleeve Tri-blend Hero Tee Grey,46402
Google Zipper-front Sports Bag,45928
Google Metallic Notebook Set,45923
Google Doodle Decal,45836
Google Men's Performance 1/4 Zip Pullover Heather/Black,45495
Android Men's 3/4 Sleeve Raglan Henley Black,45458
Google Women's 1/4 Zip Jacket Charcoal,45134
Android Luggage Tag,44790
Google Women's 3/4 Sleeve Baseball Raglan Heather/Black,44717
Google Bib Red,44691
Large Zipper Top Tote Bag,44669
Google Men's Microfiber 1/4 Zip Pullover Grey/Black,43999
Clip-on Compact Charger,43593
Fashion Sunglasses & Pouch,42208
25L Classic Rucksack,41953
Straw Beach Mat,41855
Badge Holder,41726
Google Bib White,41629
Google 5-Panel Cap,41571
Yoga Block,40656
Google Long Sleeve Raglan Badge Henley Ocean Blue,40429
Google Luggage Tag,40046
Google Bluetooth Headphones,39365
Google Men's Airflow 1/4 Zip Pullover Black,39299
Google Men's Airflow 1/4 Zip Pullover Lapis,38778
Google Women's Yoga Jacket Black,38394
Google Women's Short Sleeve V-Neck Tee Black,37179
Google Men's Short Sleeve Badge Tee Charcoal,36927
Google 3/4 Sleeve Raglan Badge Henley Black,36705
Google Men's Vintage Badge Tee Sage,36370
Google Men's Skater Tee Charcoal,35400
Digital Lightshow Smart Speaker and Notification Center,35215
Google 40 oz Insulated Monster Bottle,34909
Google Women's Long Sleeve Tee Lavender,34792
Google Women's Performance Full Zip Jacket Black,34542
Google Men's Skater Tee Grey,34425
Google Men's Short Sleeve Performance Badge Tee Black,34307
Waterproof Gear Bag,34178
Yoga Mat,34014
Google Women's Short Sleeve Shirt Blue,33827
Grip Kit Cable Organizer,33699
Android Hard Cover Journal,33604
24 oz USA Made Aluminum Bottle,33487
Android RFID Journal,33226
Google Men's Pullover Hoodie,33201
Google 4400mAh Power Bank,33008
Google Collapsible Pet Bowl,31223
Android Men's Engineer Short Sleeve Tee Charcoal,31188
Google Men's Short Sleeve Performance Badge Tee Charcoal,31136
Google Blackout Cap,30752
Google Women's V-Neck Tee Grey,30661
7&quot; Dog Frisbee,30135
Google Men's Bayside Graphic Tee,29999
Reusable Shopping Bag,29125
Google 2200mAh Micro Charger,28623
Google Men's Short Sleeve Performance Badge Tee Navy,28373
Google Women's Vintage T-Shirt Black,28367
Google Pet Feeding Mat,28187
Google Men's Quilted Insulated Vest Battleship Grey,28032
4-in-1 Carabiner Charger,27813
YouTube Women's Short Sleeve Tri-blend Badge Tee Grey,27757
Google Women's Short Sleeve Hero Dark Grey,27364
Google Women's Vintage Hero Tee White,27296
Google Phone Sanitizer,27041
Google Women's 1/4 Zip Performance Pullover Black,26931
Ballpoint Pen & Matching Tube Case,26917
Crunch Noise Dog Toy,26757
16 oz. Hot and Cold Tumbler,26673
Google PowerKit,26541
Color Changing Grip Pen,26167
Google Women's Scoop Neck Tee Black,26008
Google Men's Short Sleeve Performance Badge Tee Pewter,25864
Google Women's Hero V-Neck Tee White,25240
Android Women's Long Sleeve Blended Cardigan Grey,25204
Google Women's Short Sleeve V-Neck Tee Lavender,25170
Google Laptop Tech Backpack,24865
Google Men's Long Sleeve Pullover Badge Tee Heather,24129
Google Women's Scoop Neck Tee White,23898
Google 5-Panel Snapback Cap,23534
Google Women's Shell Jacket Blue/Black,23529
Ballpoint Pen Blue,23466
Android Stretch Fit Hat,22903
Google Women's Short Sleeve Badge Tee Grey,22417
Google Men's Short Sleeve Hero Tee Charcoal,22097
Google Women's Short Sleeve Shirt Red,22085
Google Toddler Raglan Shirt Blue Heather/Navy,21720
YouTube Men's Skater Tee Charcoal,21303
Executive Twist Ballpoint Pen,21302
Google Women's Insulated Thermal Vest Navy,21200
Google Toddler 1/4 Zip Fleece Pewter,21127
Android Women's Fleece Hoodie,20957
Google Infant Zip Hood Pink,20937
Google Women's Short Sleeve Shirt Dark Grey,20916
Google Women's Tee Grey,20838
Waze Baby on Board Window Decal,20779
Google Infant Zip Hood Royal Blue,20631
Google Women's Quilted Insulated Vest Black,20578
Rainbow Stylus Pen,20363
Google Women's Short Sleeve V-Neck Tee Stone,20070
Google Hard Cover Journal,20055
Google Men's Long Sleeve Pullover Crew Tee Heather,20037
Google RFID Journal,20009
Waze Mood Original Window Decal,19970
Waze Mood Happy Window Decal,19925
Waze Mood Ninja Window Decal,19780
Android Women's Short Sleeve Badge Tee Dark Heather,19771
UpCycled Handlebar Bag,19365
Android Toddler Short Sleeve T-shirt Aqua,19264
UpCycled Bike Saddle Bag,19140
Google Toddler Short Sleeve T-shirt Yellow,19132
Waze Mobile Phone Vent Mount,19123
Android BTTF Cosmos Graphic Tee,19037
Compact Journal with Recycled Pages,18989
Crunch-It Dog Toy,18844
YouTube Men's Fleece Hoodie Black,18745
YouTube Women's Racer Back Tank Black,18726
Google Women's Convertible Vest-Jacket Black,18471
Recycled Paper Journal Set,18240
Android Toddler Short Sleeve T-shirt Pink,18171
Google Toddler Hoodie Royal Blue,18093
Gel Roller Pen,17937
Android Women's Short Sleeve Hero Tee Black,17865
Google Women's 1/4 Zip Performance Pullover Two-Tone Blue,17787
YouTube Women's Short Sleeve Tri-blend Badge Tee Charcoal,17782
Satin Black Ballpoint Pen,17648
Android Onesie Baby Blue,17614
Android BTTF Moonshot Graphic Tee,17607
Android Spiral Journal with Pen,17580
Google Women's Short Sleeve V-Neck Tee Dark Grey,17462
Android Toddler Short Sleeve T-shirt Pewter,17288
Google Onesie Green,17260
Google Women's Short Sleeve Performance Tee Black,16981
YouTube Women's Short Sleeve Crew Tee,16847
Android Youth Short Sleeve T-shirt Aqua,16839
YouTube Womens 3/4 Sleeve Baseball Raglan White/Black,16765
Android Youth Short Sleeve T-shirt Pewter,16723
Google 17 oz Double Wall Stainless Steel Insulated Bottle,16715
Google Men's Softshell Jacket Black/Grey,16402
Ballpoint Stick Pen 4 Pack,16314
Gunmetal Roller Ball Pen,16291
Google Toddler Short Sleeve T-shirt Grey,16265
Google Women's Short Sleeve Performance Tee Pewter,16236
Waze Dress Socks,16004
Google Women's Short Sleeve Badge Tee Red Heather,15413
Android Women's Short Sleeve Tri-blend Badge Tee Light Blue,15235
Google Women's Quilted Insulated Vest White,15191
Google Stretch Fit Hat,15131
Google Toddler Short Sleeve T-shirt Royal Blue,15128
Google Women's Tee Purple,14824
Google Toddler Short Sleeve T-shirt Green,14769
Google Youth Short Sleeve T-shirt Royal Blue,14759
Google  Women's Muscle Tee,14662
Google Women's Short Sleeve Performance Tee Navy,14620
Google Women's V-Neck Tee Charcoal,14468
Set of 3 Packing Cubes,14434
Google 25 oz Red Stainless Steel Bottle,14405
Micro Wireless Earbuds,14330
Android Women's Short Sleeve Tri-blend Badge Tee Light Grey,14312
Android Onesie Gold,14309
YouTube Men's Eco-Jersey Henley,14305
Google Collapsible Duffel,14235
Google Women's Zip Hoodie Grey,14090
Google Onesie Red/Graphite,14027
Google Women's Scoop Neck Tee Green,13957
Google French Terry Cap,13731
Grip Highlighter Pen 3 Pack,13478
Android Women's Racer Back Tank Black,13462
Google Youth Short Sleeve T-shirt Green,13460
Google Men's Performance Hero Tee Gunmetal,13420
Google Women's Short Sleeve Hero V-Neck Tee Black,13357
Google Baby Essentials Set,13290
Google Youth Short Sleeve T-shirt Yellow,13164
Waze Pack of 9 Decal Set,13107
Google Women's Vintage Hero Tee Black,12899
Google Women's Short Sleeve Shirt Light Grey,12828
Google Infant Short Sleeve Tee Red,12725
Google Women's Tank Top,12044
Google Women's Vintage Hero Tee Lavender,12041
Stadium Cups-Sets of 4,12036
Google Infant Short Sleeve Tee White,12021
Android Men's Skater Badge Tee Charcoal,12000
Google Onesie Royal Blue,11891
Google Youth Girl Hoodie,11713
Google Women's Short Sleeve Performance Tee Charcoal,11623
Android Infant Short Sleeve Tee Pewter,11585
Google Youth Baseball Raglan Heather/Black,11548
Android BTTF Cosmos Shirt,11530
Android BTTF Moonshot Shirt,11483
Waterpoof Gear Bag,11412
Google Executive Umbrella,11391
Google Onesie Red,11254
Pop-a-Point Crayon,11088
YouTube Women's Fleece Hoodie Black,10912
Koozie Can Kooler,10765
Google Women's Yoga Pants,10408
Google Youth Sports Tee Navy,10261
Google Men's Heavyweight Long Sleeve Hero Tee Navy,10150
Aria Bluetooth Speaker,10128
Google Youth Girl Tee Green,9977
Blue Keeper Notebook Set with Flap,9963
Google Women's Weatherblock Shell Jacket Black,9948
Google Youth Short Sleeve Tee Red,9935
Google Women's Vintage Hero Tee Platinum,9921
Google Women's Short Sleeve Hero Tee Heather,9911
Gift Card - $250.00,9848
Google Toddler Short Sleeve Tee White,9845
YouTube Women's Short Sleeve Hero Tee Charcoal,9739
Google Toddler Short Sleeve Tee Red,9534
Google Youth Short Sleeve Tee White,9320
YouTube Men's Long & Lean Tee Charcoal,9215
Mistral Rucksack,9184
Deluge Waterproof Backpack,9129
Oasis Backpack,9018
YouTube Infant Short Sleeve Tee Red,8959
Android 5-Panel Low Cap,8900
Android Infant Short Sleeve Tee Pink,8292
Google Men's Performance Tee Gunmetal,8096
Gift Card - $25.00,7947
Android Stretch Fit Hat Black,7920
Google Women's Recycled Fabric Tee,7915
Android Baby Essentials Baby Set,7913
Google Men's Long Sleeve Baseball Raglan Cranberry,7881
Android Onesie Sprout Green,7817
Google Women's Performance Golf Polo Blue,7690
Google Men's Heavyweight Long Sleeve Hero Tee Burgundy,7687
Google Spiral Journal with Pen,7367
16 oz. Hot/Cold Tumbler,7335
Google Women's Softshell Jacket Black/Grey,7177
Google Women's Performance Hero Tee Gunmetal,7114
BLM Sweatshirt,6800
Google Women's Quilted Insulated Vest Pewter,6678
Collapsible Pet Bowl,6481
Google Men's Colorblock Tee White/Heather,6464
22 oz Mini Mountain Bottle,6399
Blue Metallic Textured Spiral Notebook Set,6354
Android Infant Short Sleeve Tee Aqua,6228
Solo Pro Backpack,6217
Google 3/4 Sleeve Raglan Henley Grey,6181
PaperMate Ink Joy RT Pen,6014
Gift Card- $100.00,5965
Gift Card - $50.00,5952
PaperMate Ink Joy Retractable Pen,5948
Bic Digital Clic Stic Stylus Pen,5891
Compact Eco Journal,5859
PaperMate Ink Joy Pen,5831
ATOM Wireless Earbud Headset,5831
Bic Intensity Clic Gel Pen,5819
Quatro Retractable Pen,5813
Parker Gunmetal CT Ball Pen,5699
Nest® Cam Indoor Security Camera - USA,5592
Google Spiral Leather Journal,5531
Google 25 oz Blue Stainless Steel Bottle,5524
UFO Bluetooth Water Resistant Speaker,5522
Kick Ball,5473
PowerClip Lightning Charger,5455
Chevron Shopper,5339
SPF-15 Lip Balm,5307
Nest® Cam Outdoor Security Camera - USA,5237
Android 25 oz Green Apple Stainless Steel Bottle,5236
Latitudes Foldaway Shopper,5208
Google Women's Performance Polo Grey/Black,5185
Google Canvas Tote Fruit Games Lemon,5182
Google Adult Tee Fruit Games Pineapple,5121
Google Men's 3/4 Sleeve Raglan Henley Grey,5099
Speed Zone Air Mesh Tote,5071
Set of 3 Nested Travel Cases,5058
Google Women's Long Sleeve Blended Cardigan Charcoal,4979
Google Toddler Sports T-shirt Red,4852
Google Toddler Tee Fruit Games Pineapple,4838
Google Adult Tee Fruit Games Dragonfruit,4828
Google Toddler Tee Fruit Games Strawberry,4650
Google Youth Tee Fruit Games Pineapple,4647
Google Adult Tee Fruit Games Cherries,4623
Android Men's Long & Lean Badge Tee Charcoal,4592
Google Toddler Tee Fruit Games Banana,4584
Google Youth Tee Fruit Games Strawberry,4576
Google Toddler Tee Fruit Games Cherries,4574
Google Toddler Tee Fruit Games Lemon,4562
Google Youth Tee Fruit Games Cherries,4527
Google Youth Tee Fruit Games Banana,4523
Google Youth Tee Fruit Games Lemon,4507
Google Infant Short Sleeve Tee Cornflower Blue,4431
Nest® Learning Thermostat 3rd Gen-USA - Stainless Steel,4291
Google Infant Short Sleeve Tee Green,4275
Google Leather Journal,4257
Google Leather Perforated Journal,4146
Google Women's Short Sleeve Badge Tee Navy,4059
Google Infant Short Sleeve Tee Royal Blue,4050
Google Men's Bike Short Sleeve Tee Charcoal,3390
Large Recycled Journal/Pen Combo,3261
Nest® Learning Thermostat 3rd Gen-USA - White,3170
Google Women's Performance Tee Gunmetal,2744
Android Heavyweight Long Sleeve Badge Tee Black,2711
25 oz. Infusion Water Bottle,2464
Bic Leather Pen,2403
Bic Tri-Tone Twist Pen,2398
YouTube Sticker Sheet,2396
Google Men's Zip Hoodie,2272
Waze Women's Typography Short Sleeve Tee,2232
Nest® Learning Thermostat 3rd Gen-USA - Copper,1971
YouTube 22 oz Infuser Bottle,1946
Waze Men's Typography Short Sleeve Tee,1827
Nest® Learning Thermostat 3rd Gen-USA,1790
Google Women's Colorblock Tee White,1788
Waze Men's Short Sleeve Tee,1754
YouTube Notebook Set,1697
"7"" Dog Frisbee",1668
Android Men's Take Charge Short Sleeve Tee Purple,1608
YouTube 24 oz Stripe Accent Bottle,1542
Android Men's Outerstellar Short Sleeve Tee Black,1476
Google Collapsible Duffel Blue,1461
Google Leather Journal-Black,1360
Google Leather Journal-Brown,1290
BLM Sweatshirt (Pre-Order),1286
Screen Cleaning Cloth,1120
Waze Women's Short Sleeve Tee,1116
Android Men's Zip Hoodie,1051
Google Men's Long & Lean Tee Charcoal,1028
Google Womens 3/4 Sleeve Baseball Raglan Heather/Black,990
Yoga Mat Blue,902
Google Men's Performance Badge Tee Black,875
Google Stretch Fit Hat M/L Navy,872
Google Men's Performance Badge Tee Gunmetal,796
Google Men's Performance Badge Tee Navy,794
Women's Performance Full Zip Jacket Black,757
Android Men's Pep Rally Short Sleeve Tee Navy,748
Men's Softshell Jacket Black/Grey,732
Android Cool Gear Lunch To Go,729
Men's Weatherblock Shell Jacket Black,725
Google Men's Around The Block Short Sleeve Tee Ash,693
Android Lifted Men's Short Sleeve Tee Blue,638
Google Sports Bag,629
Android 14 oz Mug White/Green,605
Google Men's Long & Lean Tee Grey,604
Google Collapsible Duffel Black,601
Google 25 oz Clear Stainless Steel Bottle,583
Android Men's Paradise Short Sleeve Tee Olive,581
Powerbank Flashlight,514
Google Men's Long Sleeve Raglan Cranberry,506
Google Four Color EDC Flashlight,506
Android 22 oz Water Bottle Green,503
Carabiner Flashlight,497
Google Engraved Ceramic Mug,461
Aluminum Emergency Flashlight,440
Google Women's Badge Performance Tee Black,403
Yoga Mat Purple,403
Google Women's Badge Performance Tee Gunmetal,395
Colored Pencil Set with Sharpener,391
Google Women's Badge Performance Tee Navy,384
8pc Android Sticker Sheet,368
Google Red Spiral Notebook,354
15 oz Ceramic Mug,338
Google Women's Badge Performance Tee Charcoal,319
Android Stretch Fit Hat M/L,264
Android Baby Esssentials Set,231
Google Badge Pull,187
Nest® Protect Smoke + CO White Battery Alarm-USA,179
Google Women's Tank Top Light Gray,175
Women's Weatherblock Shell Jacket Black,172
Google Stretch Fit Hat L/XL Navy,169
Google Women's Short Sleeve Badge Tee Ice Gray,168
Google Small Waterproof Duffel,168
Google Stretch Fit Hat S/M Navy,160
Android 24 oz Button Lid Sport Water Bottle Smoke,158
Nest® Protect Smoke + CO White Wired Alarm-USA,151
Android 24 oz Contigo Addison,142
Google 7-inch Dog Flying Disc,142
Android Stretch Fit Hat S/M,140
Android Stretch Fit Hat L/XL,139
Eco-Aware Recycled Journal Combo,114
Android Women's Short Sleeve Badge Tee Light Charcoal,110
Google Magnetic Mini Flood Flashlight,104
Nest® Protect Smoke + CO Black Wired Alarm-USA,80
YouTube Stretch Fit Hat,63
Eco-Aware Large Recycled Journal Combo,50
YouTube Women's S/S Crew Tee,46
Google Sunglasses Red,44
Google Sunglasses Blue,38
Nest® Protect Smoke + CO Black Battery Alarm-USA,31
YouTube Men's Short Sleeve Hero Tee  White,29
Android 24 oz Button Lid Sport Water Bottle Green,27
Google Sunglasses Yellow,27
Google Sunglasses Green,24
Android Stretch Fit Hat Charcoal,21
Android Men's Heavyweight Long Sleeve Badge Tee Black,20
YouTube Ceramic Mug 12oz.,19
24oz YouTube Sergeant Stripe Bottle,19
Google Leather Journal (Black),17
Pet Feeding Mat,16
22 oz. Android Mini Mountain Bottle,15
Sports Water Bottle,15
24oz USA Made Aluminum Bottle,15
24oz Tritan Salute w/ Flip Straw Lid,15
Google Leather Journal (Brown),15
Android Shaker Bottle,14
Android Porcelain Mug,13
Porcelain Mosaic Mug,13
Skyline Metro Mug,10
Chrome Silicone Grip Glass Bottle,10
BKR Bottle - Vacation Blue,10
YouTube Women's 3/4 Sleeve Baseball Raglan White/Black,10
Android 24 oz Button Lid Sport Water Bottle,9
Men's Google S/S  Mesh Performance Tee,8
24 oz Alumnium Go Bottle (Made in the USA),7
Google Collapsible Pet Bowl Blue,6
Men's Lotus 1/4 Zip,6
Sport Bottle w/ Metallic Ring 28 oz,5
Veranda 2 Glass Bottle,5
14oz Ceramic Google Mug,5
Simplicity 24oz Water Bottle,5
YouTube Ultimate Hooded Sweatshirt,5
Grip Highlighter Pen (3 pack),5
YouTube Unisex Flex Fleece Zip Hoodie,5
Men's Lotus H2X Dry Full Zip Jacket,5
Men's Google Microtherm Pullover,5
Men's Google Quilted Thermolite Vest,5
Men's Atlantis Full Zip Fleece Hoody,5
Men's Pulse Softshell,5
Men's Google Channel Flow Pullover,5
Men's Google Convertible Jacket/Vest,5
Men's Traverse Microfleece,5
Men's Mistral Shell Jacket,5
YouTube Unstructured Cap - Charcoal,4
"Vintage Red Infant ""Player"" Bodysuit",4
YouTube Player T-Shirt - Unisex,4
YouTube Organic Cotton T-Shirt - Grey,4
Leatherette Notebook Combo,4
Men's Vector Polo,4
Google 3/4 Sleeve Tri-Blend Raglan Henley,4
YouTube Men's S/S Tri-blend Crew,4
Men's Lotus H2X Dry S/S Performance Tee,4
Women's Google Quillted Thermolite Vest,2
Android Keeper Vintage Tank,2
Women's Mistral Shell Jacket,2
Android Eco-Jersey Henley,2
Women's Vector Polo,2
Women's Android Short Sleee Jersey Crew,2
Women's Piranha Performance Polo,2
Google Eco-Jersey Henley,2
Google Keeper Vintage Tank,2
Women's Google 1/4 Zip Performance Pullover,2
Women's Traverse Microfleece,2
My T-Shirt,1
Google 7-inch Dog Flying Disc Blue,1
Eco Droid Squishable - Online,1
Malibu Sunglasses,1
Rowan Pullover Hood,1
Google 7-inch Dog Flying Disc Red,1
Anvil L/S Crew Neck - Grey,1
Google Women's Muscle Tee Heather,1
Android Monkey Mat,1
Go Gopher Pink Squishable,1
Go Gopher Blue Squishable,1
Wind Up Android,1
Lip Balm,1
Android Soccer Ball,1
Vastrm Hoodie,1
Android Microfleece Blanket,1
Google Flyers,1
"15"" Android Squishable - Online",1
"7"" Android Squishable - Online",1
Grey Heather Fleece Zip Hoodie,1
Mens Voyage Fleece Jacket,1
Fleece Full-Zip Hoodie,1
Mens Puffer Jacket,1
Eco-Jersey Chrome Zip Up Hoodie,1
Jacquard-Knit Full-Zip Fleece,1
Green Flex Fleece Zip Hoodie,1
Android 25 oz Green Apple l Bottle,1
BRIGHTtravels Set of 3 Nested Travel Cases,1
